"DiRiWa Sections"	Treaty
privacy	"Additional Protocol to the Convention for the Protection of Individuals with regard to Automatic Processing of Personal Data, regarding supervisory authorities and transborder data flows"
internet	"Additional Protocol to the Convention on Cybercrime, concerning the criminalisation of acts of a racist and xenophobic nature committed through computer systems"
corruption	"Additional Protocol to the Criminal Law Convention on Corruption"
opengovernment	"Additional Protocol to the European Charter of Local Self-Government on the right to participate in the affairs of a local authority"
"media, television"	"Additional Protocol to the Protocol to the European Agreement on the Protection of Television Broadcasts"
corruption	"Civil Law Convention on Corruption"
humanrights	"Convention for the Protection of Human Rights and Fundamental Freedoms"
privacy	"Convention for the Protection of Individuals with regard to Automatic Processing of Personal Data"
internet	"Convention on Cybercrime"
internet	"Convention on Information and Legal Co-operation concerning ""Information Society Services"""
privacy	"Convention on Laundering, Search, Seizure and Confiscation of the Proceeds from Crime"
privacy	"Convention on Mutual Administrative Assistance in Tax Matters"
patents	"Convention on the Unification of Certain Points of Substantive Law on Patents for Invention"
"opengovernment, opendata"	"Council of Europe Convention on Access to Official Documents"
privacy	"Council of Europe Convention on  Laundering, Search, Seizure and Confiscation of the Proceeds from Crime and on the Financing of Terrorism"
patents	"Council of Europe Convention on the counterfeiting of medical products and similar crimes involving threats to public health"
privacy	"Council of Europe Convention on the Prevention of Terrorism"
copyright	"Council of Europe Convention on the Protection of Children against Sexual Exploitation and Sexual Abuse"
copyright	"Council of Europe Framework Convention on the Value of Cultural Heritage for Society"
corruption	"Criminal Law Convention on Corruption"
"media, television"	"European Agreement concerning Programme Exchanges by means of Television Films"
"media, radio, television"	"European Agreement for the Prevention of Broadcasts transmitted from Stations outside National Territories"
"media, television"	"European Agreement on the Protection of Television Broadcasts"
copyright	"Protocol to the European Agreement on the Protection of Television Broadcasts"
copyright	"Protocol to the European Convention for the Protection of the Audiovisual Heritage, on the Protection of Television Productions"
copyright	"Berne Convention"
"media, satellite, copyright"	"Brussels Convention"
"patents, biology"	"Budapest Treaty"
designs	"Hague Agreement"
geographicalindicators	"Lisbon Agreement"
designs	"Locarno Agreement"
productcounterfeiting	"Madrid Agreement (Indications of Source)"
trademark	"Madrid Agreement (Marks)"
trademark	"Madrid Protocol"
trademark	"Nairobi Treaty"
trademark	"Nice Agreement"
"patents, designs"	"Paris Convention"
patents	"Patent Law Treaty"
patents	PCT
"copyright, phonograms, media"	"Phonograms Convention"
copyright	"Rome Convention"
trademark	"Singapore Treaty on the Law of Trademarks"
patents	"Strasbourg Agreement"
trademark	"Trademark Law Treaty"
trademark	"Vienna Agreement"
"copyright, patents"	"Washington Treaty"
copyright	WCT
copyright	WPPT
copyright	"Additional Protocol to the Multilateral Convention for the Avoidance of Double Taxation of Copyright Royalties."
copyright	"Multilateral Convention for the Avoidance of Double Taxation of Copyright Royalties."
censorship	"Convention on the International Right of Correction."
?	"International Covenant on Economic, Social and Cultural Rights."
?	"United Nations Convention on the Use of Electronic Communications in International Contracts."
censorship	"Agreement for the Repression of Obscene Publications."
censorship	"Agreement for the Suppression of the Circulation of Obscene Publications, signed at Paris on 4 May 1910, amended by the Protocol signed at Lake Success, New York, 4 May 1949."
censorship	"Convention for the Suppression of the Circulation of, and Traffic in, Obscene Publications, concluded at Geneva on 12 September 1923 and amended by the Protocol signed at Lake Success, New York, on 12 November 1947."
censorship	"International Convention for the Suppression of the Circulation of and Traffic in Obscene Publications."
censorship	"Protocol amending the Agreement for the Suppression of the Circulation of Obscene Publications, signed at Paris, on 4 May 1910."
censorship	"Protocol to amend the Convention for the suppression of the circulation of, and traffic in, obscene publications, concluded at Geneva on 12 September 1923."
telecommunication	"Agreement establishing the Asia-Pacific Institute for Broadcasting Development."
telecommunication	"Amendments to articles 3 (5) and 9 (8) of the Constitution of the Asia-Pacific telecommunity."
telecommunication	"Amendments to the Agreement establishing the Asia-Pacific Institute for Broadcasting Development."
telecommunication	"Amendments to the Constitution of the Asia-Pacific Telecommunity."
telecommunication	"Amendment to article 11, paragraph 2 (a), of the Constitution of the Asia-Pacific Telecommunity."
telecommunication	"Constitution of the Asia-Pacific Telecommunity."
telecommunication	"Convention relating to the distribution of programme-carrying signals transmitted by satellite."
telecommunication	"Tampere Convention on the Provision of Telecommunication Resources for Disaster Mitigation and Relief Operations."
